pdb,dE_global,RMSD_global
6lu7,-4.478480500423672,2.048391441135372
