pdb,vina,vina1,vina2,vina3,vina4,vina5,vina6,vina7,vina8,vina9,vina10,vina11,vina12,vina13,vina14,vina15,vina16,vina17,vina18,vina19,vina20,vina21,vina22,vina23,vina24,vina25,vina26,vina27,vina28,vina29,vina30,vina31,vina32,vina33,vina34,vina35,vina36,vina37,vina38,vina39,vina40,vina41,vina42,vina43,vina44,vina45,vina46,vina47,vina48,vina49,vina50,vina51,vina52,vina53,vina54,vina55,vina56,vina57,vina58,P2.P,P2.N,P2.DA,P2.D,P2.A,P2.AR,P2.H,P2.PL,P2.HA,P2.SA,P2dl.P,P2dl.N,P2dl.DA,P2dl.D,P2dl.A,P2dl.AR,P2dl.H,P2dl.PL,P2dl.HA,P2dl.SA,P2dp.P,P2dp.N,P2dp.DA,P2dp.D,P2dp.A,P2dp.AR,P2dp.H,P2dp.PL,P2dp.HA,P2dp.SA,dE_global,RMSD_global,Nbw,Epw,Elw,Ni
6lu7,2.563767597,37.8424,-123.46171000000001,-0.16679000000000002,-0.025169999999999998,78.74653,151.0003,228.12537999999998,298.50351,353.05032,360.99789,134.45885,378.30846,574.88833,199.34187,527.06559,796.23077,273.63539,671.69205,1017.36951,1277.9529699999998,548.99208,1098.15624,1625.6609,1863.96773,1481.17908,826.17823,1446.27841,1995.9312300000001,2162.6700100000003,1764.9884399999999,1399.5026699999999,1986.2711100000001,2409.46319,2488.5288800000003,2174.53636,44.43025,26.238979999999998,15.452679999999999,9.16554,5.5022,3.3372900000000003,2.11052,1.34359,17.691760000000002,22.48545,32.15692,57.19925,162.42736000000002,-706.9817,6.34616,7.19216,7.8844899999999996,19.5,16.5,49.0,21.0,14.0,16.0,5.33,18.88,53.55,75.21,176.76,131.1,461.22,223.93,0,1145.98,0,0,44.45,33.95,60.5,108.27,302.48,93.73,0,643.38,5.33,18.88,9.09,41.26,116.26,22.84,158.74,130.2,0,502.6,-4.478480500423672,2.048391441135372,0,0,0,0
