pdb,dE_global,RMSD_global
6lu7,-2.936606899667453,2.1208077799758356
