pdb,dE_global,RMSD_global
6lu7,-6.273083188205305,4.779535058013845
