pdb,dE_global,RMSD_global
crystal_redock_e32_er3_1,-15.116223413950749,5.029200296941725
