pdb,dE_global,RMSD_global
6lu7,-2.875875941928669,5.284450823061733
