pdb,dE_global,RMSD_global
crystal_redock_e32_er3_1,-13.02123098110745,4.741350782144474
